a, a
aa, aa
aam, aam
ab, ax
ad, ai
ade, ait
adit, ainu
ady, air
ae, at
aes, ate
ah, ad
aha, ada
ai, an
aid, ani
aira, anoa
ak, ab
aka, aba
akka, abba
ala, aga
alar, agao
aliso, agnes
alya, agra
am, am
ama, ama
amadi, amain
amala, amaga
amapa, amapa
ame, amt
amma, amma
amp, amp
an, ah
ana, aha
andy, ahir
ant, ahu
anton, ahush
ao, as
apa, apa
apama, apama
ape, apt
ar, ao
as, ae
ates, aute
atis, aune
aus, ace
ava, aka
ay, ar
ayah, arad
aye, art
ayu, arc
b, x
c, j
cadi, jain
cag, jay
cairo, janos
cal, jag
cam, jam
cap, jap
cark, jaob
cay, jar
crea, jota
cro, jos
d, i
dar, iao
de, it
desi, iten
dha, ida
di, in
dier, into
diose, inset
div, ink
do, is
dodo, isis
doe, ist
dom, ism
dor, iso
dug, icy
dun, ich
dunt, ichu
dush, iced
e, t
ea, ta
ear, tao
eat, tau
eave, takt
ed, ti
edh, tid
eh, td
en, th
ens, the
er, to
era, toa
eral, toag
erd, toi
ere, tot
erg, toy
erma, toma
err, too
ers, toe
es, te
ess, tee
eta, tua
etym, turm
eyre, trot
g, y
ga, ya
gaia, yana
gail, yang
gam, yam
gamp, yamp
gan, yah
gap, yap
gapa, yapa
gar, yao
gay, yar
gi, yn
h, d
ha, da
hag, day
hah, dad
hail, dang
haje, daft
hak, dab
hakka, dabba
hal, dag
halo, dags
ham, dam
hami, damn
han, dah
hao, das
hap, dap
hate, daut
hath, daud
hay, dar
hsi, den
i, n
id, ni
ide, nit
idite, ninut
ira, noa
iran, noah
ire, not
iris, none
irk, nob
irma, noma
iron, nosh
is, ne
it, nu
j, f
jady, fair
jag, fay
jail, fang
jam, fam
jama, fama
jati, faun
jay, far
k, b
ka, ba
kai, ban
kaid, bani
kail, bang
kaka, baba
kala, baga
kan, bah
kath, baud
katun, bauch
kauri, bacon
kava, baka
kay, bar
kra, boa
kreng, bothy
kris, bone
kroo, boss
kyah, brad
kyte, brut
l, g
la, ga
lac, gaj
lade, gait
lady, gair
lag, gay
lai, gan
lak, gab
lam, gam
lamp, gamp
lao, gas
lap, gap
lari, gaon
lasi, gaen
lat, gau
late, gaut
lath, gaud
lay, gar
lit, gnu
lyam, gram
lyre, grot
m, m
ma, ma
maam, maam
mab, max
madi, main
mae, mat
mag, may
maga, maya
mah, mad
maia, mana
maid, mani
maida, mania
maidu, manic
mail, mang
mal, mag
mala, maga
mam, mam
mamma, mamma
man, mah
mana, maha
mand, mahi
manta, mahua
mao, mas
maori, mason
map, map
mar, mao
marmar, maomao
mas, mae
mat, mau
math, maud
mau, mac
maund, machi
mauri, macon
may, mar
maya, mara
mayda, maria
mayo, mars
mr, mo
mrs, moe
my, mr
n, h
na, ha
nae, hat
nag, hay
naga, haya
naio, hans
nair, hano
nam, ham
nan, hah
nap, hap
nar, hao
nat, hau
nod, hsi
nth, hud
o, s
oak, sab
oam, sam
oar, sao
oaty, saur
od, si
oda, sia
ode, sit
odin, sinh
ods, sie
oe, st
on, sh
ona, sha
onan, shah
ons, she
opah, spad
or, so
orca, soja
ore, sot
ort, sou
os, se
ose, set
otiose, sunset
otis, sune
oto, sus
oval, skag
p, p
pa, pa
pah, pad
pail, pang
pais, pane
pala, paga
palsy, pager
pam, pam
pan, pah
pand, pahi
paon, pash
pap, pap
papa, papa
pari, paon
pat, pau
pate, paut
pau, pac
pay, par
payer, parto
pod, psi
poe, pst
prier, ponto
prig, pony
prius, ponce
prog, posy
proo, poss
prosy, poser
pryer, porto
psha, peda
psi, pen
pyr, pro
r, o
raj, oaf
ram, oam
ray, oar
redo, otis
rho, ods
ria, ona
rier, onto
rio, ons
ro, os
run, och
rune, ocht
rye, ort
s, e
sa, ea
sai, ean
say, ear
scam, ejam
sea, eta
seta, etua
sh, ed
si, en
siam, enam
simson, enmesh
sinae, enhat
so, es
sorb, esox
sri, eon
st, eu
t, u
tail, uang
te, ut
tea, uta
tead, utai
tean, utah
th, ud
tho, uds
ti, un
tide, unit
tier, unto
to, us
toe, ust
ton, ush
tosh, used
toss, usee
tosy, user
tua, uca
tyt, uru
tyto, urus
u, c
una, cha
unau, chac
undam, chiam
unde, chit
ure, cot
uri, con
uro, cos
urs, coe
us, ce
used, ceti
ute, cut
v, k
vag, kay
vai, kan
vail, kang
vial, knag
vire, knot
vise, knet
x, q
y, r
ya, ra
yah, rad
yaje, raft
yak, rab
yam, ram
yamp, ramp
yan, rah
yao, ras
yap, rap
yati, raun
yr, ro